{
	"list":	[{
			"title":	198,
			"type":	0,
			"tabidx":	4,
			"tabstartidx":	2,
			"tabstate":	[{
				}, {
					"currpos":	0,
					"pagestart":	0,
					"pageend":	7
				}, {
					"currpos":	0,
					"pagestart":	0,
					"pageend":	7
				}, {
					"currpos":	0,
					"pagestart":	0,
					"pageend":	7
				}, {
					"currpos":	0,
					"pagestart":	0,
					"pageend":	7
				}, {
					"currpos":	0,
					"pagestart":	0,
					"pageend":	7
				}, {
					"currpos":	7,
					"pagestart":	0,
					"pageend":	7
				}]
		}, {
			"title":	-1,
			"type":	23,
			"currpos":	0,
			"pagestart":	0,
			"pageend":	7,
			"emulaunch":	"/mnt/SDCARD/Emus/_SystemTools/launch.sh"
		}]
}