{
	"list":	[{
			"title":	212,
			"type":	0,
			"tabidx":	4,
			"tabstartidx":	2,
			"tabstate":	[{
				}, {
					"currpos":	0,
					"pagestart":	0,
					"pageend":	0
				}, {
					"currpos":	0,
					"pagestart":	0,
					"pageend":	0
				}, {
					"currpos":	56,
					"pagestart":	54,
					"pageend":	57
				}, {
					"currpos":	14,
					"pagestart":	12,
					"pageend":	16
				}, {
					"currpos":	0,
					"pagestart":	0,
					"pageend":	0
				}, {
					"currpos":	7,
					"pagestart":	0,
					"pageend":	7
				}]
		}, {
			"title":	-1,
			"type":	23,
			"currpos":	28,
			"pagestart":	23,
			"pageend":	28,
			"emulaunch":	"/mnt/SDCARD/Emus/_SystemTools/launch.sh"
		}]
}