{
    "hotkey" : "MENU+SELECT",
    "timefadein" : 250,
    "timefadeout" : 0,
    "timeupdatevalue" : 3000,
    "widgetlist": [
        {
            "package":"com.trimui.osd.app.info"
        },
        {
            "package":"com.trimui.osd.app.musicplayer"
        },
        {
            "package":"com.trimui.osd.slider.volumeglobal"
        },
        {
            "package":"com.trimui.osd.slider.backlight"
        },
        {
            "package":"com.trimui.osd.toggle.btenable"
        },
        {
            "package":"com.trimui.osd.toggle.wifienable"
        },
        {
            "package":"com.trimui.osd.toggle.ledenable"
        },
        {
            "package":"com.trimui.osd.toggle.rumble"
        },
        {
            "package":"com.trimui.osd.stepper.fanlevel"
        },
        {
            "package":"com.trimui.osd.stepper.cpu_preset"
        },
        {
            "package":"com.trimui.osd.toggle.fastforward"
        },
        {
            "package":"com.trimui.osd.static.killswitch"
        }

    ]
}
